{"cameraMode":{"drawMode":0,"name":"Shaded","section":"Shading Mode"},"sceneLighting":true,"audioPlay":false,"sceneViewState":{"showFog":true,"showMaterialUpdate":false,"showSkybox":false,"showFlares":true,"showImageEffects":true,"showParticleSystems":true},"in2DMode":false,"pivot":{"x":-3.7610950469970705,"y":81.28196716308594,"z":-99.63638305664063},"rotation":{"x":-0.1532823145389557,"y":0.08760561048984528,"z":-0.01363595761358738,"w":-0.9842032194137573},"size":52.28041458129883,"orthographic":true}