{"cameraMode":{"drawMode":0,"name":"Shaded","section":"Shading Mode"},"sceneLighting":true,"audioPlay":false,"sceneViewState":{"showFog":true,"showMaterialUpdate":false,"showSkybox":false,"showFlares":true,"showImageEffects":true,"showParticleSystems":true},"in2DMode":false,"pivot":{"x":-8.532398223876954,"y":42.942169189453128,"z":-83.11418151855469},"rotation":{"x":0.10957753658294678,"y":0.14556968212127686,"z":-0.0162249393761158,"w":0.9831271767616272},"size":24.947481155395509,"orthographic":false}